employee,aisle,cases,start_time,end_time,minutes,cases_per_hour
Jose,3,500,23:30,4:30,300.0,100.0
Alyssa,7,450,22:26,1:15,169.0,159.76331360946745
John,10B,300,00:00,3:00,180.0,100.0
Jose,1,35,21:15,22:00,45.0,46.666666666666664
